id,predict
f260abbeb311fc0630cf7f365f19ef48.jpg,3
02c6c43e2120f3967a312ec990709c92.jpg,2
3b233766322341dd231fc71fb04af635.jpg,1
4572d62acdf7fa26c09d01a112217276.jpg,
5b515cc3b92245f6e064fda797fc3b1e.jpg,
916d83f0898e2946e7576ab55231529f.jpg,
139f874e60b663ed3e14281e4b47137d.jpg,
d24b16acccf46dad52c29b5b57d3bec0.jpg,
f998d4cff267f02416da85676090e753.jpg,
cb7503cdfd19b51b2b10d36dabbdc2d5.jpg,
9ee838d7eaf224db912fdff52da80495.jpg,
c6d63965deb50f626b19b9af22e3a797.jpg,
e1ffff7f77cc3024d8e3550d04370823.jpg,
32129fabad015d6c1ca0202af38cb45d.jpg,
b05aa1c23ead57074ba5a3228c555f74.jpg,
93ad5b544d9704c0b1bae631a57a4031.jpg,
f54b260890456fd59f9c6aa94fbfd138.jpg,
5f0c46373fa541d7be1e20d2917d1528.jpg,
c8075a12fca54e1e92b7da97734df2d0.jpg,
26f31b22609d1bf99079f29713227148.jpg,
49256d0c2de464858edf63441b7113f3.jpg,
6972d600076470d94df2afb34e828d63.jpg,
64270f6ea79fa56f9a679de9eb3bd6d9.jpg,
ff3c42664df123dffbb40da1238dcd7d.jpg,
f7e18dcedb2120704e82e5704e046ec2.jpg,
c7cab94afd09979daa9e396e2b1cdfb7.jpg,
cdd686042f563e92e7182f1eb6acba8e.jpg,
e8afb871aba4ad954ef48abcbb606cdb.jpg,
64684940e4865e0bd901f070ca0fb9e6.jpg,
500e60956047ed68d66e085a0ef6d1c3.jpg,
02c0513470f8cebf37a5bd965053d634.jpg,
fbbed223571a60860caeadb7844be010.jpg,
52c49286cb84f1482d04d86c67c88f05.jpg,
5b50c90cdbf75693f320ea7ad1a7262b.jpg,
afcf68f5cd7a06fb19643724b4e2813b.jpg,
4a5bcef83acb8599cf6eb1ad2e9446a2.jpg,
ae4fbdd129bea4c1348fae626777ef6f.jpg,
de584292e78a95024ef56b87e0cb9257.jpg,
f0597bed4d98f789db8424bdd70c7286.jpg,
deb4c630adb86faca0c0e25d9738a8a9.jpg,
a5e6172a6b1d39de5f89a90bb32b27ec.jpg,
5e9d5a0ecfaf6fdc73e3ce86188f487a.jpg,
2b85d81cd3949d3ae5bc62cbd3dc1870.jpg,
7b7220edc0edbd1380e15f4be4bbd834.jpg,
95f85f44f0b50c78ce1c2d93c4cdd168.jpg,
937f5d1865b7bdad0cae6ef9207eb0dd.jpg,
ad1503945d9d1632cd7cd195a5ff3a66.jpg,
835d6a14af7dccc5715aeaa61e6d6672.jpg,
3a0c1e480cb714e1cabae630f9dba30f.jpg,
b5d7218ec406074edcb77d49100f150c.jpg,
e14a0ac15d352d3545a7da1969fd0857.jpg,
133c58c91ff6f42f922ccbd1b5206e0c.jpg,
dd359af03c258b7c0f00e8968f70ed74.jpg,
713f173bc680c8ac10ac531f9c4ee90a.jpg,
5674b7e4eacecef8c511cac9bdcc12b9.jpg,
11b4a7a2e0aa13bad6fa733a0ddb70f4.jpg,
e18a7ff6603dde5ba9c72babc50d1ad9.jpg,
8c216e892d221c324882d4fb861b52ed.jpg,
b51f9472a83f394fb6ed0e9ec672f506.jpg,
36841f164cc3ecd4d978fd36dfebb542.jpg,
4752e9c317c1d78f03b2dd6644bbe8d5.jpg,
3a05c4d6060aa4c7fc293502252a1e43.jpg,
09a3367f9350e294bde0b5fd277fd677.jpg,
abc7497d6c527992be8785c2bcba2ff9.jpg,
194c267344007a0d44f357e0fae4d578.jpg,
2ddc88e2375a58e38c75e8b281ec6901.jpg,
9984c9dbc31490f18f7213e6db63f176.jpg,
07af3b35e37c1630d4b85bfda957c2ef.jpg,
d43b6d0792573f4bc8a04bba6a796841.jpg,
876987fd065a9a5a504f4a989a64d134.jpg,
f2406c571fbc43748f11979f81c04a13.jpg,
21adc673fba3d6d9cdc91179501e080a.jpg,
e6ef38f2686cc75caffeca40054e0ded.jpg,
3ef33bede44078ef705220a48565d4cf.jpg,
4b93571b93c843df076a85e028e3f70c.jpg,
5496ae3f28e08cd0c52c4e02c8051f57.jpg,
3994b5f8b912f9a9b3428a068bacc678.jpg,
0605a26bd800369b12b40914e09a34b4.jpg,
177123ed8735fdf266f68f0c7f44ddd1.jpg,
b05c93e35c5506c3248a3933816dfbbf.jpg,
a6372a68bbe82b3a8ffc60ebe7a964b3.jpg,
4614b9ac270172cdf71ef87d90d38697.jpg,
d15eeb86afaba801b7a22cd818a14ea6.jpg,
50b453acd40bb159811691c4e64eefd0.jpg,
bf3d1fd5ae7291d6f13c5fa4669c6f10.jpg,
be53af3072194d72031674a59927f237.jpg,
9c95f0e92c3c03d4ff1fe260a1ba2bc2.jpg,
bb7022fe41dc5bac956c1763e4f4f03b.jpg,
fc302f387b70528fa15341297061f9d9.jpg,
f3b415143ec09e2865fce4d805b19c25.jpg,
c9e7b21d00b1eddd6f18ce2d63dfa98d.jpg,
b0ae8819a90e53c2fefeea6818ea8444.jpg,
f0951a6cc2e0a0ce71b43fed283ac862.jpg,
4bbae294b8651ae700eaf6d870a3872a.jpg,
c27473a5b72615253ca069bef6bdb2b7.jpg,
472024449e7485bbbb27d23730a44f4d.jpg,
7032e7307e4f73079c041852f6d6a444.jpg,
ed1edbdf8ed229d3a60b475c3a3eb857.jpg,
f948c04d6925a5d24e00101a8d697e6e.jpg,
940f6becbfa5cd3df1467899d97aa8f8.jpg,
a0fddc0ec780083aaf2c44cb0484f782.jpg,
e6f9528a99dc7f58d754c4f7fc6b92b4.jpg,
8976ec58dc099dbd191da3e066465fbf.jpg,
ea518b4de778fee15c59cc4a39e748cf.jpg,
d7e86d4f6f44346ff3994462240a7cb6.jpg,
56060a5b03d8f5523c29f2e75c9da68d.jpg,
d220ee4ceac16b6fa461bc7360cc2cdf.jpg,
1c83e25063889b90143d204092047c25.jpg,
2fd498581b26fcb6d3e5e21d828ef6ed.jpg,
de536e67ceb790442d3d0f0262c575d7.jpg,
168d5bd6dbf299591aaac8315770aca3.jpg,
ab5b7ff6b6c85a9326a28e84a51335e4.jpg,
7ba2a838ef6159ed02f627cb784ca053.png,
4d38d0be9a6606d4f979bdd252af0aa4.jpg,
d48b839b88e1ca99fbcb2f2d2d858c8c.jpg,
8f6fa44b4a7b3d810b592b493811c56e.jpg,
236ab601a137a4a3feb5c83ef59d181a.jpg,
3bd80a752e1af66592864d12328da249.jpg,
6d1db16bb8335be20c356e893ad70f89.jpg,
7232836539749874194b91291512e125.jpg,
9b55214bf4371f1d4e4df9a4a77167be.jpg,
a97e5e20c7a78d652ebd7ed2a71be769.jpg,
c98661db9d030e8b5686196a12dedb2e.jpg,
b16eeae231348c470da263b7a4c4fd0f.jpg,
108cbeb85f744a2fc1d106021f1558a5.jpg,
a62e115d7752a9b577872f6673c4cd91.jpg,
391144a07132b519ade75781c64bb01f.jpg,
0ec4b61c7f5a2b1e0d1121d57a50242a.jpg,
2ceea4a8d54157d2e3dfafc17c313eae.jpg,
de8cee551e2975a0610689ca76de2fa1.jpg,
eeab42ce9b859cef872d8852306339d9.jpg,
2ca5c96c6fd6a04b093cbab24dc04fe7.jpg,
ec4b53c9c1541d42aab9ad7362a6e841.jpg,
d23fe1cea07d3ee2ee45ce95592f9bcf.jpg,
9a1c4a54f619660f4949869d4e30b6b6.jpg,
1c385545c6eef84726da9395a9f270f6.jpg,
4fb46ad8f810ea4e61ec705473b41504.jpg,
ed5c67e762426f334c42978c052e12c1.jpg,
e1181e4986fa83347be0f035161ac94d.jpg,
9dfc8731694c02540c09d72446fface4.jpg,
b37bb660aedf4c160874d9a71ccbe3f6.jpg,
ed18c14ab29fd9f1916224687b66a854.jpg,
e0d659762e182f03fc5ae10e0ecc0d03.jpg,
1c401bf07fc057f43fcf938afcc764c4.jpg,
f6e98cb9e35ed745cbb9bb99fb294da3.jpg,
f0b7a5431bb6deed11702f7a2b6d4ca7.jpg,
e0ac41593b789d8ae690d155115e92d1.jpg,
c86acc1f41efc41f34440fd8b1683674.jpg,
4729af59cc2a78bec6d7a32c71db7019.jpg,
52ac1c9d8706589b019f48d515578f44.jpg,
964a06aa54c370428924146f1aee3fb5.jpg,
1b31cc0b1e148a5a41173c13c330a4ef.jpg,
8286808e7e45b25a8754c61a4c728bf1.jpg,
1a667eff193542545d5d1c7fe9860bd5.jpg,
6dbcdcb566ef0456877fb1800718d994.jpg,
9b259c1acd68725751f4342fcff2e155.jpg,
58c93502c4a50732ee5e554c3bc4a660.jpg,
3b4bd5d41d7ed3532c462bf3bf7b80bb.jpg,
f72221f9b2b9b8e9f9216930df9308b9.jpg,
7a4a9c78f3937c5322a6cb7d3b18a065.jpg,
17753328d918a08cbce490244ac1e317.jpg,
b143fb620ac44eeba6c1fd12317a79ab.jpg,
895bf52619af92f88b52975f2861ed01.jpg,
83c762c4dfdabbb5c0407ca2a2fdfed8.jpg,
f548223ad1ee4c34847d8277db5b9c7f.jpg,
5ffade0e523d83174695a7916a4d74da.jpg,
66a745d95dc8c9d950a9b0112fd07d31.jpg,
e8809b04726f0f0839dc409e1ce7d587.jpg,
29cadb2aa263dd3f8c142d04fd5070b1.jpg,
7d1fee457b114c3e8f92aca596560a5e.jpg,
f07426f66cb35598fd193eba5008dae6.jpg,
0d9c2a6352de3343d5a1e45c1e0b84b6.jpg,
96873ec1f6e2a15d94e58910cb962cf2.jpg,
58c232376be224cb196a8df17b367fcc.jpg,
be3afe269be665e75acedec2e70720e9.jpg,
9ae19040001e07a6543393bade38c5b5.jpg,
06d86e71180fa4021bbf62dacd3dfe6d.jpg,
4caabc16b168dde79aaf2627a1048b29.jpg,
e94905adacb72946e928e4f62ac2fb46.jpg,
2f4cef52666539a1d969c36b4e0f9677.jpg,
08b4d5e03bd752e763f09d3be17904c7.jpg,
f9ad40f436258b5c6216ce465b53dc4d.jpg,
1f46c484445c3db4dda8195cceb3d1df.jpg,
0bf72ea096f13c43bb0e5c3c6062e0a5.jpg,
2e1116857e16ef33726a49c0ab558c8c.jpg,
7c011d3d0f73df7ee7bd4074a3c99e98.jpg,
3083495ce171cedeb19e306f90b6f01a.jpg,
07d5749b3844286a21d8820cfb85676a.jpg,
783202fbed844e8185069bcefdcc9f0a.jpg,
fa4a17f3e65917f0e8023f8bc23a6589.jpg,
9c31262a7f9b0235753d26bb33a8d2b8.jpg,
0d20a7596f642a80728fcab5d9d17852.jpg,
c8f78bec4a8ce685a8e9c6cca00779f3.jpg,
8404f2e995082b3ac32cc075cd45d2b7.jpg,
2fcbcf434aefad7d7633f61372b2136b.jpg,
34e6e0126cc71c265de74b16cd0b7b91.jpg,
a5c325afc8794730669b592d534806ce.jpg,
b96ef71570ef53aec5b6e9c2f7807e9a.jpg,
8fcff611d216e2ac17c5e64d5fcb6327.jpg,
9d4d5cd8c8eef9349a39dc89b17d0dc0.jpg,
b20bc9e7fc924746d4da7b9daf855c61.jpg,
1ddde14e92b0a7ade11a9b90338c0a65.jpg,
3b8e03efa7f3a99c2b122a9b935d58ab.jpg,
c2e5aac5457f7346a22901bb507631af.jpg,
8918d0cc6e94a262f7401767a6584eb4.jpg,
0639c6eeb03bee3962eeae9b871f4da4.jpg,
a41a872929efb18d385e2c252d3d3f0b.jpg,
a6a3787c2210a440f9c47243c532c85b.jpg,
c697b0c2240b36ff8e9e51609d14118a.jpg,
e042b5899f51bf798b23a70aff823889.jpg,
6c0b90aa456569806ea6e6737051b05f.jpg,
f2948c6eb63067fd8e47cc300a0d9fb6.jpg,
45e4c98ab2cfb445d05d210608fdd28f.jpg,
7552971c71843b9dd2b9dca074437416.jpg,
9d550367aedd9c760da591aee0c13701.jpg,
fd291e5ee8f9707ecb795a048e776181.jpg,
c2fd77b2ebcd2b90e7bbf4f9a829dac3.jpg,
3ec641dde62dc73f8a5ed37b89b801e3.jpg,
eb464e99d9732d0b889a50fc8849c444.jpg,
5143ed26ccb6cf89609df59328c2d7bd.jpg,
d360e8fb0438df5cfaede58607ee328b.jpg,
8d9d5cf3272b9a598e3cbf584ece035d.jpg,
88669b0f52c9cff0ef1249d40702afbb.jpg,
9905493c4ccab9ce328bb107d2d7d337.jpg,
964ac69014a0c48ce91b9a10a5b7bf5b.jpg,
f466c01272b801378aac58bacb104ed4.jpg,
250fe83e021557f99c979f7ca580c894.jpg,
b3dadce4f72cb20cddc0cd7855db8f30.jpg,
6877db6e381591c8a8d266a9b1ab6afc.jpg,
56b0c3847cc397ae36536c597c89510e.jpg,
4fc0840c5e1a951378b66c603513e971.jpg,
02f741798d9f4626bf3b71a5d4d2e9a4.jpg,
cb98e80aab47936223f2d0f59604f736.jpg,
8a9dec8c31e6981244bba2b0eb99605d.jpg,
b5c9084a07b0a32406ae788959712991.jpg,
59e6b2521dc84becedbe5cbb19ee275d.jpg,
9a1721661cf3a9a4410669a052b3e3b3.jpg,
b16214d7c0d742b1da74935ae5674a67.jpg,
23e51170b3d8250213af79d02d67e0f8.jpg,
c7806b4b351da3cbdb87b501331d84f8.jpg,
0595cc6380f2587689fd3af7be5e98b7.jpg,
dfdaa9ff0b10485bba5b2413e94798b5.jpg,
71ff2c7ca3e422469775b0aca108add9.jpg,
0c57e6b5e6009fcf321af74a7decac3f.jpg,
e26272fabe939bc9f43286d6ebde5189.jpg,
6533fc6e421baf37551c90c6b39292e4.jpg,
e2ccd6de863ba828a1e1faa7b3da2f34.jpg,
cdc237b97f54f1c108d507113a25724f.jpg,
e3c0d75a0b7763352b1cee4de8146b0c.jpg,
c7e6d077e96e229144cf1fc7c1a25aa0.jpg,
d6058c1583cd967b217db7bd721b9b6e.jpg,
9cb27423634c14651091151352621ec4.jpg,
83d62dd77e6c262166017c1f816d459b.jpg,
3dce6dd7a5544aa1bee654e71ca429aa.jpg,
33f728c46ad19a6175400695061a7156.jpg,
a8bb1c60f18d3c5750c9f13b81091d8a.jpg,
f6e72d56defa8ba1387f10ef7f5e1247.jpg,
404bf9d5d442943005561e42ec271f8d.jpg,
634b97711e056f92ba8f02fda7b0be72.jpg,
6e23a221e9084d68086053364a1a724c.jpg,
bd340bbfcad252e53c796d282c83bd79.jpg,
9ca10da27e3617b415477898b662245a.jpg,
a4df6ba35eaa7d0bf941653d92c56e39.jpg,
3a6132611e21905ee7183cb110f39ea5.jpg,
0aeb98a6b7ad6c049f268903f485f565.jpg,
f62e690620d16663d8b7ea71711f7d3f.jpg,
b9fa1333f3c87ac63677e1c43a6c5cc2.jpg,
344b69f90b432e2d823b4f8e2bd3a102.jpg,
09e4fbf8a01eb00a2d57bc1e242e722a.jpg,
12c00fcf2ceb824f1846d5fe9c7e92f5.jpg,
d5fa859d4650d009d8104384d3855104.jpg,
a8c2f0293cb3df9d9eb75f65dc5f863d.jpg,
d0aa8ccfbcd2a58b3536cfd48f97b02d.jpg,
6bb88b7dca38a0f1fbaef4b532134992.jpg,
a968e761839f7fe721ff6daed6dbebe0.jpg,
b2d0d2d9efee736e33ef6ba412a2afec.jpg,
2454ebcfbb4f1146d9aa2e966dbcdc0e.jpg,
a264f8fa5e935521a7188b4a83336fb5.jpg,
